EVENT,VALUE,VALUE_IDX,ENCODING
Part-Start,I,I,433
Rep-Start,1,1,439
Position,48,48,241
Tempo-Class,3,3,260
Tempo,156.67,41,303
Position,58,58,251
Phrase,0,0,393
MLU-Type,line,0,398
MLU-Subtype,a,0,405
Note-Velocity,20,20,148
Note-On,60,60,60
Note-Duration,7,7,166
Rep-End,1,1,445
Part-End,I,I,438
Part-Start,A,A,429
Rep-Start,1,1,439
Bar,0,0,192
Position,0,0,193
Tempo-Class,3,3,260
Tempo,166.67,44,306
Chord-Tone,F,5,327
Chord-Type,7,None,368
Chord-Slash,F,5,339
Position,1,1,194
Note-Velocity,25,25,153
Note-On,65,65,65
Note-Duration,9,9,168
Position,16,16,209
Tempo-Class,3,3,260
Tempo,143.33,37,299
Position,17,17,210
Note-Velocity,26,26,154
Note-On,67,67,67
Note-Duration,8,8,167
Position,25,25,218
Note-Velocity,25,25,153
Note-On,68,68,68
Note-Duration,6,6,165
Position,32,32,225
Tempo-Class,3,3,260
Tempo,173.33,46,308
Note-Velocity,26,26,154
Note-On,69,69,69
Note-Duration,10,10,169
Position,48,48,241
Tempo-Class,3,3,260
Tempo,156.67,41,303
Note-Velocity,26,26,154
Note-On,70,70,70
Note-Duration,10,10,169
Position,59,59,252
Note-Velocity,26,26,154
Note-On,71,71,71
Note-Duration,6,6,165
Bar,0,0,192
Position,0,0,193
Tempo-Class,3,3,260
Tempo,170.00,45,307
Chord-Tone,Bb,10,332
Chord-Type,7,None,368
Chord-Slash,Bb,10,344
Position,1,1,194
Note-Velocity,25,25,153
Note-On,72,72,72
Note-Duration,10,10,169
Position,16,16,209
Tempo-Class,3,3,260
Tempo,156.67,41,303
Position,19,19,212
MLU-Type,lick,0,397
MLU-Subtype,general,0,402
Backref-Referred,0,0,417
Note-Velocity,25,25,153
Note-On,70,70,70
Note-Duration,7,7,166
Position,26,26,219
Note-Velocity,22,22,150
Note-On,72,72,72
Note-Duration,2,2,161
Position,28,28,221
Note-Velocity,27,27,155
Note-On,70,70,70
Note-Duration,4,4,163
Position,32,32,225
Tempo-Class,3,3,260
Tempo,163.33,43,305
Position,33,33,226
Note-Velocity,28,28,156
Note-On,69,69,69
Note-Duration,10,10,169
Position,44,44,237
Note-Velocity,23,23,151
Note-On,65,65,65
Note-Duration,6,6,165
Position,48,48,241
Tempo-Class,3,3,260
Tempo,170.00,45,307
Position,50,50,243
Note-Velocity,19,19,147
Note-On,62,62,62
Note-Duration,9,9,168
Bar,0,0,192
Position,0,0,193
Tempo-Class,3,3,260
Tempo,153.33,40,302
Chord-Tone,F,5,327
Chord-Type,7,None,368
Chord-Slash,F,5,339
Position,3,3,196
MLU-Type,lick,0,397
MLU-Subtype,general,0,402
Backref-Distance,1,1,418
Backref-Referred,0,0,417
Note-Velocity,24,24,152
Note-On,67,67,67
Note-Duration,3,3,162
Position,6,6,199
Note-Velocity,24,24,152
Note-On,68,68,68
Note-Duration,3,3,162
Position,9,9,202
Note-Velocity,24,24,152
Note-On,67,67,67
Note-Duration,2,2,161
Position,12,12,205
Note-Velocity,25,25,153
Note-On,65,65,65
Note-Duration,5,5,164
Position,16,16,209
Tempo-Class,3,3,260
Tempo,156.67,41,303
Position,17,17,210
Note-Velocity,23,23,151
Note-On,63,63,63
Note-Duration,10,10,169
Position,27,27,220
Note-Velocity,18,18,146
Note-On,65,65,65
Note-Duration,27,27,186
Position,32,32,225
Tempo-Class,3,3,260
Tempo,166.67,44,306
Position,48,48,241
Tempo-Class,3,3,260
Tempo,156.67,41,303
Bar,0,0,192
Position,0,0,193
Tempo-Class,3,3,260
Tempo,170.00,45,307
Chord-Tone,F,5,327
Chord-Type,7,None,368
Chord-Slash,F,5,339
Position,16,16,209
Tempo-Class,3,3,260
Tempo,163.33,43,305
Position,32,32,225
Tempo-Class,3,3,260
Tempo,160.00,42,304
Position,48,48,241
Tempo-Class,3,3,260
Tempo,163.33,43,305
Position,60,60,253
Phrase,0,0,393
MLU-Type,line,0,398
MLU-Subtype,w,0,411
Note-Velocity,29,29,157
Note-On,76,76,76
Note-Duration,5,5,164
Bar,0,0,192
Position,0,0,193
Tempo-Class,3,3,260
Tempo,160.00,42,304
Chord-Tone,Bb,10,332
Chord-Type,7,None,368
Chord-Slash,Bb,10,344
Position,2,2,195
Note-Velocity,24,24,152
Note-On,77,77,77
Note-Duration,12,12,171
Position,14,14,207
Note-Velocity,21,21,149
Note-On,72,72,72
Note-Duration,2,2,161
Position,16,16,209
Tempo-Class,3,3,260
Tempo,153.33,40,302
Note-Velocity,25,25,153
Note-On,70,70,70
Note-Duration,2,2,161
Position,19,19,212
Note-Velocity,26,26,154
Note-On,67,67,67
Note-Duration,2,2,161
Position,22,22,215
Note-Velocity,26,26,154
Note-On,68,68,68
Note-Duration,7,7,166
Position,29,29,222
Note-Velocity,17,17,145
Note-On,65,65,65
Note-Duration,4,4,163
Position,32,32,225
Tempo-Class,3,3,260
Tempo,153.33,40,302
Position,34,34,227
Note-Velocity,22,22,150
Note-On,67,67,67
Note-Duration,9,9,168
Position,42,42,235
Note-Velocity,23,23,151
Note-On,65,65,65
Note-Duration,7,7,166
Position,48,48,241
Tempo-Class,3,3,260
Tempo,173.33,46,308
Position,49,49,242
Note-Velocity,21,21,149
Note-On,63,63,63
Note-Duration,9,9,168
Position,59,59,252
Note-Velocity,21,21,149
Note-On,62,62,62
Note-Duration,8,8,167
Bar,0,0,192
Position,0,0,193
Tempo-Class,3,3,260
Tempo,163.33,43,305
Chord-Tone,Bb,10,332
Chord-Type,7,None,368
Chord-Slash,Bb,10,344
Position,3,3,196
Note-Velocity,19,19,147
Note-On,60,60,60
Note-Duration,9,9,168
Position,14,14,207
Note-Velocity,20,20,148
Note-On,60,60,60
Note-Duration,4,4,163
Position,16,16,209
Tempo-Class,3,3,260
Tempo,156.67,41,303
Position,18,18,211
Note-Velocity,19,19,147
Note-On,58,58,58
Note-Duration,11,11,170
Position,29,29,222
Note-Velocity,18,18,146
Note-On,52,52,52
Note-Duration,4,4,163
Position,32,32,225
Tempo-Class,3,3,260
Tempo,150.00,39,301
Position,35,35,228
Note-Velocity,23,23,151
Note-On,56,56,56
Note-Duration,10,10,169
Position,45,45,238
Note-Velocity,20,20,148
Note-On,57,57,57
Note-Duration,6,6,165
Position,48,48,241
Tempo-Class,3,3,260
Tempo,173.33,46,308
Position,52,52,245
Note-Velocity,13,13,141
Note-On,58,58,58
Note-Duration,9,9,168
Position,61,61,254
Note-Velocity,19,19,147
Note-On,59,59,59
Note-Duration,5,5,164
Bar,0,0,192
Position,0,0,193
Tempo-Class,3,3,260
Tempo,156.67,41,303
Chord-Tone,F,5,327
Chord-Type,7,None,368
Chord-Slash,F,5,339
Position,3,3,196
Note-Velocity,20,20,148
Note-On,60,60,60
Note-Duration,10,10,169
Position,13,13,206
Note-Velocity,18,18,146
Note-On,62,62,62
Note-Duration,2,2,161
Position,16,16,209
Tempo-Class,3,3,260
Tempo,156.67,41,303
Note-Velocity,18,18,146
Note-On,60,60,60
Note-Duration,2,2,161
Position,18,18,211
Note-Velocity,19,19,147
Note-On,57,57,57
Note-Duration,9,9,168
Position,28,28,221
Note-Velocity,17,17,145
Note-On,60,60,60
Note-Duration,5,5,164
Position,32,32,225
Tempo-Class,3,3,260
Tempo,146.67,38,300
Position,34,34,227
Note-Velocity,22,22,150
Note-On,64,64,64
Note-Duration,9,9,168
Position,44,44,237
Note-Velocity,17,17,145
Note-On,62,62,62
Note-Duration,15,15,174
Position,48,48,241
Tempo-Class,3,3,260
Tempo,163.33,43,305
Bar,0,0,192
Position,0,0,193
Tempo-Class,3,3,260
Tempo,163.33,43,305
Chord-Tone,A,9,331
Chord-Type,-7,None,357
Chord-Slash,A,9,343
Position,16,16,209
Tempo-Class,3,3,260
Tempo,160.00,42,304
Position,32,32,225
Tempo-Class,3,3,260
Tempo,163.33,43,305
Chord-Tone,D,2,324
Chord-Type,7,None,368
Chord-Slash,D,2,336
Position,48,48,241
Tempo-Class,3,3,260
Tempo,160.00,42,304
Bar,0,0,192
Position,0,0,193
Tempo-Class,3,3,260
Tempo,160.00,42,304
Chord-Tone,G,7,329
Chord-Type,-,None,354
Chord-Slash,G,7,341
Position,16,16,209
Tempo-Class,3,3,260
Tempo,170.00,45,307
Position,26,26,219
Phrase,0,0,393
MLU-Type,line,0,398
MLU-Subtype,w,0,411
Backref-Distance,2,2,419
Note-Velocity,21,21,149
Note-On,67,67,67
Note-Duration,4,4,163
Position,30,30,223
Note-Velocity,21,21,149
Note-On,70,70,70
Note-Duration,3,3,162
Position,32,32,225
Tempo-Class,3,3,260
Tempo,166.67,44,306
Position,34,34,227
Note-Velocity,18,18,146
Note-On,74,74,74
Note-Duration,2,2,161
Position,38,38,231
Note-Velocity,27,27,155
Note-On,77,77,77
Note-Duration,5,5,164
Position,43,43,236
Note-Velocity,28,28,156
Note-On,76,76,76
Note-Duration,8,8,167
Position,48,48,241
Tempo-Class,3,3,260
Tempo,146.67,38,300
Position,51,51,244
Note-Velocity,28,28,156
Note-On,74,74,74
Note-Duration,8,8,167
Position,59,59,252
Note-Velocity,27,27,155
Note-On,73,73,73
Note-Duration,3,3,162
Position,62,62,255
Note-Velocity,25,25,153
Note-On,71,71,71
Note-Duration,3,3,162
Bar,0,0,192
Position,0,0,193
Tempo-Class,3,3,260
Tempo,170.00,45,307
Chord-Tone,C,0,322
Chord-Type,7,None,368
Chord-Slash,C,0,334
Position,1,1,194
Note-Velocity,27,27,155
Note-On,72,72,72
Note-Duration,12,12,171
Position,14,14,207
Note-Velocity,18,18,146
Note-On,69,69,69
Note-Duration,3,3,162
Position,16,16,209
Tempo-Class,3,3,260
Tempo,166.67,44,306
Position,17,17,210
Note-Velocity,24,24,152
Note-On,70,70,70
Note-Duration,10,10,169
Position,27,27,220
Note-Velocity,25,25,153
Note-On,70,70,70
Note-Duration,7,7,166
Position,32,32,225
Tempo-Class,3,3,260
Tempo,156.67,41,303
Position,35,35,228
Note-Velocity,27,27,155
Note-On,69,69,69
Note-Duration,9,9,168
Position,44,44,237
Note-Velocity,24,24,152
Note-On,65,65,65
Note-Duration,6,6,165
Position,48,48,241
Tempo-Class,3,3,260
Tempo,163.33,43,305
Position,51,51,244
Note-Velocity,19,19,147
Note-On,62,62,62
Note-Duration,11,11,170
Position,62,62,255
Note-Velocity,17,17,145
Note-On,60,60,60
Note-Duration,5,5,164
Bar,0,0,192
Position,0,0,193
Tempo-Class,3,3,260
Tempo,160.00,42,304
Chord-Tone,F,5,327
Chord-Type,7,None,368
Chord-Slash,F,5,339
Position,2,2,195
Note-Velocity,22,22,150
Note-On,67,67,67
Note-Duration,12,12,171
Position,15,15,208
Note-Velocity,13,13,141
Note-On,65,65,65
Note-Duration,3,3,162
Position,16,16,209
Tempo-Class,3,3,260
Tempo,146.67,38,300
Position,18,18,211
Note-Velocity,24,24,152
Note-On,67,67,67
Note-Duration,9,9,168
Position,29,29,222
Note-Velocity,26,26,154
Note-On,68,68,68
Note-Duration,3,3,162
Position,32,32,225
Tempo-Class,3,3,260
Tempo,153.33,40,302
Note-Velocity,16,16,144
Note-On,69,69,69
Note-Duration,23,23,182
Position,48,48,241
Tempo-Class,3,3,260
Tempo,160.00,42,304
Bar,0,0,192
Position,0,0,193
Tempo-Class,3,3,260
Tempo,150.00,39,301
Chord-Tone,C,0,322
Chord-Type,7,None,368
Chord-Slash,C,0,334
Position,16,16,209
Tempo-Class,3,3,260
Tempo,150.00,39,301
Position,32,32,225
Tempo-Class,3,3,260
Tempo,170.00,45,307
Position,48,48,241
Tempo-Class,3,3,260
Tempo,176.67,47,309
Bar,0,0,192
Position,0,0,193
Tempo-Class,3,3,260
Tempo,160.00,42,304
Chord-Tone,F,5,327
Chord-Type,7,None,368
Chord-Slash,F,5,339
Position,13,13,206
Phrase,0,0,393
MLU-Type,lick,0,397
MLU-Subtype,blues,0,404
Backref-Referred,0,0,417
Note-Velocity,27,27,155
Note-On,65,65,65
Note-Duration,8,8,167
Position,16,16,209
Tempo-Class,3,3,260
Tempo,163.33,43,305
Position,24,24,217
Note-Velocity,24,24,152
Note-On,68,68,68
Note-Duration,9,9,168
Position,32,32,225
Tempo-Class,3,3,260
Tempo,153.33,40,302
Position,33,33,226
Note-Velocity,19,19,147
Note-On,70,70,70
Note-Duration,7,7,166
Position,40,40,233
Note-Velocity,23,23,151
Note-On,69,69,69
Note-Duration,4,4,163
Position,44,44,237
Note-Velocity,19,19,147
Note-On,70,70,70
Note-Duration,4,4,163
Position,48,48,241
Tempo-Class,3,3,260
Tempo,160.00,42,304
Note-Velocity,19,19,147
Note-On,71,71,71
Note-Duration,5,5,164
Position,56,56,249
Note-Velocity,23,23,151
Note-On,71,71,71
Note-Duration,5,5,164
Position,62,62,255
Note-Velocity,23,23,151
Note-On,71,71,71
Note-Duration,7,7,166
Bar,0,0,192
Position,0,0,193
Tempo-Class,3,3,260
Tempo,153.33,40,302
Chord-Tone,Bb,10,332
Chord-Type,7,None,368
Chord-Slash,Bb,10,344
Position,5,5,198
Note-Velocity,19,19,147
Note-On,70,70,70
Note-Duration,6,6,165
Position,11,11,204
Note-Velocity,23,23,151
Note-On,68,68,68
Note-Duration,6,6,165
Position,16,16,209
Tempo-Class,3,3,260
Tempo,173.33,46,308
Position,18,18,211
Note-Velocity,15,15,143
Note-On,65,65,65
Note-Duration,4,4,163
Position,22,22,215
Note-Velocity,24,24,152
Note-On,69,69,69
Note-Duration,5,5,164
Position,26,26,219
Note-Velocity,21,21,149
Note-On,70,70,70
Note-Duration,6,6,165
Position,32,32,225
Tempo-Class,3,3,260
Tempo,176.67,47,309
Position,33,33,226
Note-Velocity,23,23,151
Note-On,71,71,71
Note-Duration,6,6,165
Position,39,39,232
Note-Velocity,21,21,149
Note-On,70,70,70
Note-Duration,19,19,178
Position,48,48,241
Tempo-Class,3,3,260
Tempo,153.33,40,302
Bar,0,0,192
Position,0,0,193
Tempo-Class,3,3,260
Tempo,163.33,43,305
Chord-Tone,F,5,327
Chord-Type,7,None,368
Chord-Slash,F,5,339
Position,16,16,209
Tempo-Class,3,3,260
Tempo,160.00,42,304
Position,29,29,222
Phrase,0,0,393
MLU-Type,line,0,398
MLU-Subtype,w,0,411
Backref-Distance,1,1,418
Backref-Referred,0,0,417
Note-Velocity,23,23,151
Note-On,65,65,65
Note-Duration,7,7,166
Position,32,32,225
Tempo-Class,3,3,260
Tempo,153.33,40,302
Position,36,36,229
Note-Velocity,23,23,151
Note-On,68,68,68
Note-Duration,9,9,168
Position,45,45,238
Note-Velocity,26,26,154
Note-On,69,69,69
Note-Duration,8,8,167
Position,48,48,241
Tempo-Class,3,3,260
Tempo,163.33,43,305
Position,53,53,246
Note-Velocity,26,26,154
Note-On,70,70,70
Note-Duration,7,7,166
Position,60,60,253
Note-Velocity,26,26,154
Note-On,71,71,71
Note-Duration,7,7,166
Bar,0,0,192
Position,0,0,193
Tempo-Class,3,3,260
Tempo,150.00,39,301
Chord-Tone,F,5,327
Chord-Type,7,None,368
Chord-Slash,F,5,339
Position,3,3,196
Note-Velocity,23,23,151
Note-On,72,72,72
Note-Duration,5,5,164
Position,8,8,201
Note-Velocity,24,24,152
Note-On,73,73,73
Note-Duration,3,3,162
Position,11,11,204
Note-Velocity,27,27,155
Note-On,72,72,72
Note-Duration,3,3,162
Position,14,14,207
Note-Velocity,25,25,153
Note-On,69,69,69
Note-Duration,6,6,165
Position,16,16,209
Tempo-Class,3,3,260
Tempo,156.67,41,303
Position,22,22,215
Note-Velocity,21,21,149
Note-On,65,65,65
Note-Duration,7,7,166
Position,30,30,223
Note-Velocity,20,20,148
Note-On,63,63,63
Note-Duration,19,19,178
Position,32,32,225
Tempo-Class,3,3,260
Tempo,146.67,38,300
Position,48,48,241
Tempo-Class,3,3,260
Tempo,176.67,47,309
Position,59,59,252
Phrase,0,0,393
MLU-Type,line,0,398
MLU-Subtype,d,0,408
Backref-Distance,1,1,418
Backref-Referred,0,0,417
Note-Velocity,26,26,154
Note-On,67,67,67
Note-Duration,8,8,167
Bar,0,0,192
Position,0,0,193
Tempo-Class,3,3,260
Tempo,160.00,42,304
Chord-Tone,Bb,10,332
Chord-Type,7,None,368
Chord-Slash,Bb,10,344
Position,3,3,196
Note-Velocity,23,23,151
Note-On,65,65,65
Note-Duration,3,3,162
Position,6,6,199
Note-Velocity,24,24,152
Note-On,67,67,67
Note-Duration,3,3,162
Position,9,9,202
Note-Velocity,23,23,151
Note-On,65,65,65
Note-Duration,3,3,162
Position,14,14,207
Note-Velocity,23,23,151
Note-On,62,62,62
Note-Duration,5,5,164
Position,16,16,209
Tempo-Class,3,3,260
Tempo,150.00,39,301
Position,19,19,212
Note-Velocity,18,18,146
Note-On,58,58,58
Note-Duration,9,9,168
Position,28,28,221
Note-Velocity,19,19,147
Note-On,55,55,55
Note-Duration,4,4,163
Position,32,32,225
Tempo-Class,3,3,260
Tempo,160.00,42,304
Position,33,33,226
Note-Velocity,19,19,147
Note-On,56,56,56
Note-Duration,25,25,184
Position,48,48,241
Tempo-Class,3,3,260
Tempo,160.00,42,304
Bar,0,0,192
Position,0,0,193
Tempo-Class,3,3,260
Tempo,163.33,43,305
Chord-Tone,Bb,10,332
Chord-Type,7,None,368
Chord-Slash,Bb,10,344
Position,16,16,209
Tempo-Class,3,3,260
Tempo,153.33,40,302
Position,32,32,225
Tempo-Class,3,3,260
Tempo,160.00,42,304
Position,35,35,228
Phrase,0,0,393
MLU-Type,lick,0,397
MLU-Subtype,general,0,402
Backref-Distance,1,1,418
Note-Velocity,22,22,150
Note-On,69,69,69
Note-Duration,4,4,163
Position,39,39,232
Note-Velocity,21,21,149
Note-On,72,72,72
Note-Duration,11,11,170
Position,48,48,241
Tempo-Class,3,3,260
Tempo,150.00,39,301
Position,51,51,244
Note-Velocity,27,27,155
Note-On,77,77,77
Note-Duration,9,9,168
Position,59,59,252
Note-Velocity,26,26,154
Note-On,72,72,72
Note-Duration,6,6,165
Bar,0,0,192
Position,0,0,193
Tempo-Class,3,3,260
Tempo,156.67,41,303
Chord-Tone,F,5,327
Chord-Type,7,None,368
Chord-Slash,F,5,339
Position,2,2,195
Note-Velocity,26,26,154
Note-On,70,70,70
Note-Duration,9,9,168
Position,12,12,205
Note-Velocity,22,22,150
Note-On,72,72,72
Note-Duration,2,2,161
Position,15,15,208
Note-Velocity,27,27,155
Note-On,70,70,70
Note-Duration,2,2,161
Position,16,16,209
Tempo-Class,3,3,260
Tempo,150.00,39,301
Position,17,17,210
Note-Velocity,26,26,154
Note-On,69,69,69
Note-Duration,9,9,168
Position,27,27,220
Note-Velocity,17,17,145
Note-On,70,70,70
Note-Duration,6,6,165
Position,32,32,225
Tempo-Class,3,3,260
Tempo,160.00,42,304
Position,33,33,226
Note-Velocity,26,26,154
Note-On,72,72,72
Note-Duration,9,9,168
Position,42,42,235
Note-Velocity,19,19,147
Note-On,69,69,69
Note-Duration,26,26,185
Position,48,48,241
Tempo-Class,3,3,260
Tempo,163.33,43,305
Bar,0,0,192
Position,0,0,193
Tempo-Class,3,3,260
Tempo,163.33,43,305
Chord-Tone,A,9,331
Chord-Type,-7,None,357
Chord-Slash,A,9,343
Position,16,16,209
Tempo-Class,3,3,260
Tempo,170.00,45,307
Position,32,32,225
Tempo-Class,3,3,260
Tempo,153.33,40,302
Chord-Tone,D,2,324
Chord-Type,7,None,368
Chord-Slash,D,2,336
Position,48,48,241
Tempo-Class,3,3,260
Tempo,160.00,42,304
Bar,0,0,192
Position,0,0,193
Tempo-Class,3,3,260
Tempo,166.67,44,306
Chord-Tone,G,7,329
Chord-Type,-,None,354
Chord-Slash,G,7,341
Position,16,16,209
Tempo-Class,3,3,260
Tempo,153.33,40,302
Position,18,18,211
Phrase,0,0,393
MLU-Type,lick,0,397
MLU-Subtype,general,0,402
Note-Velocity,25,25,153
Note-On,65,65,65
Note-Duration,6,6,165
Position,24,24,217
Note-Velocity,22,22,150
Note-On,67,67,67
Note-Duration,4,4,163
Position,28,28,221
Note-Velocity,18,18,146
Note-On,70,70,70
Note-Duration,4,4,163
Position,32,32,225
Tempo-Class,3,3,260
Tempo,153.33,40,302
Note-Velocity,21,21,149
Note-On,74,74,74
Note-Duration,3,3,162
Position,35,35,228
Note-Velocity,26,26,154
Note-On,77,77,77
Note-Duration,4,4,163
Position,40,40,233
Note-Velocity,24,24,152
Note-On,74,74,74
Note-Duration,4,4,163
Position,44,44,237
Note-Velocity,21,21,149
Note-On,75,75,75
Note-Duration,2,2,161
Position,47,47,240
Note-Velocity,26,26,154
Note-On,76,76,76
Note-Duration,5,5,164
Position,48,48,241
Tempo-Class,3,3,260
Tempo,166.67,44,306
Position,53,53,246
Note-Velocity,18,18,146
Note-On,72,72,72
Note-Duration,3,3,162
Position,56,56,249
Note-Velocity,19,19,147
Note-On,73,73,73
Note-Duration,3,3,162
Position,59,59,252
Note-Velocity,26,26,154
Note-On,74,74,74
Note-Duration,5,5,164
Bar,0,0,192
Position,0,0,193
Tempo-Class,3,3,260
Tempo,160.00,42,304
Chord-Tone,C,0,322
Chord-Type,7,None,368
Chord-Slash,C,0,334
Note-Velocity,27,27,155
Note-On,72,72,72
Note-Duration,3,3,162
Position,3,3,196
Note-Velocity,24,24,152
Note-On,70,70,70
Note-Duration,4,4,163
Position,7,7,200
Note-Velocity,24,24,152
Note-On,69,69,69
Note-Duration,3,3,162
Position,11,11,204
Note-Velocity,24,24,152
Note-On,67,67,67
Note-Duration,4,4,163
Position,14,14,207
Note-Velocity,25,25,153
Note-On,65,65,65
Note-Duration,5,5,164
Position,16,16,209
Tempo-Class,3,3,260
Tempo,160.00,42,304
Position,20,20,213
Note-Velocity,18,18,146
Note-On,64,64,64
Note-Duration,3,3,162
Position,23,23,216
Note-Velocity,20,20,148
Note-On,67,67,67
Note-Duration,4,4,163
Position,26,26,219
Note-Velocity,20,20,148
Note-On,70,70,70
Note-Duration,5,5,164
Position,31,31,224
Note-Velocity,26,26,154
Note-On,73,73,73
Note-Duration,3,3,162
Position,32,32,225
Tempo-Class,3,3,260
Tempo,150.00,39,301
Position,34,34,227
Note-Velocity,27,27,155
Note-On,72,72,72
Note-Duration,3,3,162
Position,37,37,230
Note-Velocity,23,23,151
Note-On,71,71,71
Note-Duration,1,1,160
Position,38,38,231
Note-Velocity,24,24,152
Note-On,69,69,69
Note-Duration,3,3,162
Position,42,42,235
Note-Velocity,22,22,150
Note-On,71,71,71
Note-Duration,1,1,160
Position,43,43,236
Note-Velocity,24,24,152
Note-On,72,72,72
Note-Duration,3,3,162
Position,47,47,240
Note-Velocity,26,26,154
Note-On,70,70,70
Note-Duration,3,3,162
Position,48,48,241
Tempo-Class,3,3,260
Tempo,160.00,42,304
Position,50,50,243
Note-Velocity,25,25,153
Note-On,69,69,69
Note-Duration,4,4,163
Position,54,54,247
Note-Velocity,21,21,149
Note-On,65,65,65
Note-Duration,4,4,163
Position,58,58,251
Note-Velocity,17,17,145
Note-On,62,62,62
Note-Duration,3,3,162
Position,60,60,253
Note-Velocity,16,16,144
Note-On,60,60,60
Note-Duration,4,4,163
Bar,0,0,192
Position,0,0,193
Tempo-Class,3,3,260
Tempo,170.00,45,307
Chord-Tone,F,5,327
Chord-Type,7,None,368
Chord-Slash,F,5,339
Position,1,1,194
Note-Velocity,20,20,148
Note-On,65,65,65
Note-Duration,11,11,170
Position,16,16,209
Tempo-Class,3,3,260
Tempo,156.67,41,303
Position,27,27,220
Phrase,0,0,393
MLU-Type,lick,0,397
MLU-Subtype,general,0,402
Note-Velocity,24,24,152
Note-On,62,62,62
Note-Duration,3,3,162
Position,30,30,223
Note-Velocity,19,19,147
Note-On,63,63,63
Note-Duration,5,5,164
Position,32,32,225
Tempo-Class,3,3,260
Tempo,170.00,45,307
Chord-Tone,C,0,322
Chord-Type,7,None,368
Chord-Slash,C,0,334
Position,35,35,228
Note-Velocity,18,18,146
Note-On,62,62,62
Note-Duration,8,8,167
Position,44,44,237
Note-Velocity,19,19,147
Note-On,60,60,60
Note-Duration,12,12,171
Position,48,48,241
Tempo-Class,3,3,260
Tempo,173.33,46,308
Bar,0,0,192
Position,0,0,193
Tempo-Class,3,3,260
Tempo,163.33,43,305
Chord-Tone,F,5,327
Chord-Type,7,None,368
Chord-Slash,F,5,339
Position,16,16,209
Tempo-Class,3,3,260
Tempo,150.00,39,301
Position,28,28,221
Phrase,0,0,393
MLU-Type,line,0,398
MLU-Subtype,w,0,411
Note-Velocity,22,22,150
Note-On,60,60,60
Note-Duration,6,6,165
Position,32,32,225
Tempo-Class,3,3,260
Tempo,146.67,38,300
Chord-Tone,C,0,322
Chord-Type,7,None,368
Chord-Slash,C,0,334
Position,35,35,228
Note-Velocity,25,25,153
Note-On,65,65,65
Note-Duration,9,9,168
Position,44,44,237
Note-Velocity,18,18,146
Note-On,69,69,69
Note-Duration,4,4,163
Position,48,48,241
Tempo-Class,3,3,260
Tempo,170.00,45,307
Note-Velocity,26,26,154
Note-On,72,72,72
Note-Duration,12,12,171
Position,60,60,253
Note-Velocity,27,27,155
Note-On,77,77,77
Note-Duration,23,23,182
Bar,0,0,192
Position,0,0,193
Tempo-Class,3,3,260
Tempo,160.00,42,304
Chord-Tone,F,5,327
Chord-Type,7,None,368
Chord-Slash,F,5,339
Position,16,16,209
Tempo-Class,3,3,260
Tempo,153.33,40,302
Position,18,18,211
Note-Velocity,24,24,152
Note-On,74,74,74
Note-Duration,3,3,162
Position,22,22,215
Note-Velocity,25,25,153
Note-On,75,75,75
Note-Duration,7,7,166
Position,29,29,222
Note-Velocity,24,24,152
Note-On,74,74,74
Note-Duration,3,3,162
Position,31,31,224
Note-Velocity,26,26,154
Note-On,72,72,72
Note-Duration,4,4,163
Position,32,32,225
Tempo-Class,3,3,260
Tempo,163.33,43,305
Position,35,35,228
Note-Velocity,27,27,155
Note-On,70,70,70
Note-Duration,8,8,167
Position,44,44,237
Note-Velocity,25,25,153
Note-On,69,69,69
Note-Duration,8,8,167
Position,48,48,241
Tempo-Class,3,3,260
Tempo,150.00,39,301
Position,51,51,244
Note-Velocity,25,25,153
Note-On,67,67,67
Note-Duration,8,8,167
Position,59,59,252
Note-Velocity,23,23,151
Note-On,66,66,66
Note-Duration,7,7,166
Bar,0,0,192
Position,0,0,193
Tempo-Class,3,3,260
Tempo,153.33,40,302
Chord-Tone,F,5,327
Chord-Type,7,None,368
Chord-Slash,F,5,339
Position,3,3,196
Note-Velocity,24,24,152
Note-On,65,65,65
Note-Duration,9,9,168
Position,12,12,205
Note-Velocity,19,19,147
Note-On,63,63,63
Note-Duration,7,7,166
Position,16,16,209
Tempo-Class,3,3,260
Tempo,166.67,44,306
Position,20,20,213
Note-Velocity,17,17,145
Note-On,62,62,62
Note-Duration,3,3,162
Position,23,23,216
Note-Velocity,21,21,149
Note-On,65,65,65
Note-Duration,5,5,164
Position,29,29,222
Note-Velocity,21,21,149
Note-On,69,69,69
Note-Duration,5,5,164
Position,32,32,225
Tempo-Class,3,3,260
Tempo,163.33,43,305
Position,35,35,228
Note-Velocity,27,27,155
Note-On,72,72,72
Note-Duration,9,9,168
Position,45,45,238
Note-Velocity,22,22,150
Note-On,70,70,70
Note-Duration,7,7,166
Position,48,48,241
Tempo-Class,3,3,260
Tempo,176.67,47,309
Position,54,54,247
Note-Velocity,18,18,146
Note-On,61,61,61
Note-Duration,8,8,167
Bar,0,0,192
Position,0,0,193
Tempo-Class,3,3,260
Tempo,156.67,41,303
Chord-Tone,F,5,327
Chord-Type,7,None,368
Chord-Slash,F,5,339
Note-Velocity,22,22,150
Note-On,70,70,70
Note-Duration,6,6,165
Position,5,5,198
Note-Velocity,21,21,149
Note-On,69,69,69
Note-Duration,3,3,162
Position,8,8,201
Note-Velocity,19,19,147
Note-On,70,70,70
Note-Duration,4,4,163
Position,13,13,206
Note-Velocity,22,22,150
Note-On,69,69,69
Note-Duration,3,3,162
Position,16,16,209
Tempo-Class,3,3,260
Tempo,146.67,38,300
Note-Velocity,23,23,151
Note-On,65,65,65
Note-Duration,5,5,164
Position,21,21,214
Note-Velocity,21,21,149
Note-On,62,62,62
Note-Duration,8,8,167
Position,29,29,222
Note-Velocity,17,17,145
Note-On,60,60,60
Note-Duration,4,4,163
Position,32,32,225
Tempo-Class,3,3,260
Tempo,156.67,41,303
Position,34,34,227
Note-Velocity,24,24,152
Note-On,67,67,67
Note-Duration,4,4,163
Position,37,37,230
Note-Velocity,24,24,152
Note-On,68,68,68
Note-Duration,3,3,162
Position,41,41,234
Note-Velocity,24,24,152
Note-On,67,67,67
Note-Duration,3,3,162
Position,44,44,237
Note-Velocity,23,23,151
Note-On,65,65,65
Note-Duration,4,4,163
Position,48,48,241
Tempo-Class,3,3,260
Tempo,150.00,39,301
Position,49,49,242
Note-Velocity,21,21,149
Note-On,63,63,63
Note-Duration,8,8,167
Position,58,58,251
Note-Velocity,22,22,150
Note-On,65,65,65
Note-Duration,7,7,166
Bar,0,0,192
Position,0,0,193
Tempo-Class,3,3,260
Tempo,156.67,41,303
Chord-Tone,C,0,322
Chord-Type,-,None,354
Chord-Slash,C,0,334
Position,2,2,195
Note-Velocity,19,19,147
Note-On,62,62,62
Note-Duration,8,8,167
Position,10,10,203
Note-Velocity,23,23,151
Note-On,65,65,65
Note-Duration,6,6,165
Position,16,16,209
Tempo-Class,3,3,260
Tempo,166.67,44,306
Position,17,17,210
Note-Velocity,19,19,147
Note-On,61,61,61
Note-Duration,8,8,167
Position,26,26,219
Note-Velocity,16,16,144
Note-On,60,60,60
Note-Duration,23,23,182
Position,32,32,225
Tempo-Class,3,3,260
Tempo,170.00,45,307
Chord-Tone,F,5,327
Chord-Type,7,None,368
Chord-Slash,F,5,339
Position,48,48,241
Tempo-Class,3,3,260
Tempo,166.67,44,306
Bar,0,0,192
Position,0,0,193
Tempo-Class,3,3,260
Tempo,160.00,42,304
Chord-Tone,Bb,10,332
Chord-Type,7,None,368
Chord-Slash,Bb,10,344
Position,16,16,209
Tempo-Class,3,3,260
Tempo,150.00,39,301
Position,32,32,225
Tempo-Class,3,3,260
Tempo,153.33,40,302
Position,48,48,241
Tempo-Class,3,3,260
Tempo,176.67,47,309
Position,60,60,253
Phrase,0,0,393
MLU-Type,line,0,398
MLU-Subtype,t,0,410
Note-Velocity,17,17,145
Note-On,79,79,79
Note-Duration,5,5,164
Bar,0,0,192
Position,0,0,193
Tempo-Class,3,3,260
Tempo,156.67,41,303
Chord-Tone,Bb,10,332
Chord-Type,7,None,368
Chord-Slash,Bb,10,344
Note-Velocity,24,24,152
Note-On,80,80,80
Note-Duration,13,13,172
Position,13,13,206
Note-Velocity,25,25,153
Note-On,79,79,79
Note-Duration,6,6,165
Position,16,16,209
Tempo-Class,3,3,260
Tempo,146.67,38,300
Position,24,24,217
Note-Velocity,23,23,151
Note-On,77,77,77
Note-Duration,11,11,170
Position,32,32,225
Tempo-Class,3,3,260
Tempo,166.67,44,306
Position,36,36,229
Note-Velocity,26,26,154
Note-On,74,74,74
Note-Duration,3,3,162
Position,39,39,232
Note-Velocity,24,24,152
Note-On,75,75,75
Note-Duration,5,5,164
Position,44,44,237
Note-Velocity,25,25,153
Note-On,72,72,72
Note-Duration,9,9,168
Position,48,48,241
Tempo-Class,3,3,260
Tempo,166.67,44,306
Position,53,53,246
Note-Velocity,28,28,156
Note-On,70,70,70
Note-Duration,8,8,167
Bar,0,0,192
Position,0,0,193
Tempo-Class,3,3,260
Tempo,146.67,38,300
Chord-Tone,F,5,327
Chord-Type,7,None,368
Chord-Slash,F,5,339
Position,1,1,194
Note-Velocity,21,21,149
Note-On,65,65,65
Note-Duration,3,3,162
Position,4,4,197
Note-Velocity,24,24,152
Note-On,67,67,67
Note-Duration,4,4,163
Position,10,10,203
Note-Velocity,24,24,152
Note-On,68,68,68
Note-Duration,4,4,163
Position,14,14,207
Note-Velocity,22,22,150
Note-On,69,69,69
Note-Duration,12,12,171
Position,16,16,209
Tempo-Class,3,3,260
Tempo,153.33,40,302
Position,28,28,221
Note-Velocity,25,25,153
Note-On,72,72,72
Note-Duration,12,12,171
Position,32,32,225
Tempo-Class,3,3,260
Tempo,170.00,45,307
Position,48,48,241
Tempo-Class,3,3,260
Tempo,170.00,45,307
Position,62,62,255
Phrase,0,0,393
MLU-Type,line,0,398
MLU-Subtype,w,0,411
Note-Velocity,26,26,154
Note-On,70,70,70
Note-Duration,7,7,166
Bar,0,0,192
Position,0,0,193
Tempo-Class,3,3,260
Tempo,143.33,37,299
Chord-Tone,A,9,331
Chord-Type,-,None,354
Chord-Slash,A,9,343
Position,5,5,198
Note-Velocity,22,22,150
Note-On,69,69,69
Note-Duration,4,4,163
Position,9,9,202
Note-Velocity,19,19,147
Note-On,70,70,70
Note-Duration,3,3,162
Position,12,12,205
Note-Velocity,22,22,150
Note-On,69,69,69
Note-Duration,2,2,161
Position,14,14,207
Note-Velocity,25,25,153
Note-On,67,67,67
Note-Duration,4,4,163
Position,16,16,209
Tempo-Class,3,3,260
Tempo,156.67,41,303
Position,18,18,211
Note-Velocity,26,26,154
Note-On,66,66,66
Note-Duration,11,11,170
Position,29,29,222
Note-Velocity,17,17,145
Note-On,69,69,69
Note-Duration,4,4,163
Position,32,32,225
Tempo-Class,3,3,260
Tempo,163.33,43,305
Chord-Tone,D,2,324
Chord-Type,7,None,368
Chord-Slash,D,2,336
Position,35,35,228
Note-Velocity,26,26,154
Note-On,72,72,72
Note-Duration,10,10,169
Position,45,45,238
Note-Velocity,23,23,151
Note-On,75,75,75
Note-Duration,10,10,169
Position,48,48,241
Tempo-Class,3,3,260
Tempo,153.33,40,302
Position,55,55,248
Note-Velocity,25,25,153
Note-On,74,74,74
Note-Duration,8,8,167
Position,62,62,255
Note-Velocity,18,18,146
Note-On,69,69,69
Note-Duration,4,4,163
Bar,0,0,192
Position,0,0,193
Tempo-Class,3,3,260
Tempo,150.00,39,301
Chord-Tone,G,7,329
Chord-Type,-,None,354
Chord-Slash,G,7,341
Position,3,3,196
Note-Velocity,27,27,155
Note-On,72,72,72
Note-Duration,10,10,169
Position,12,12,205
Note-Velocity,17,17,145
Note-On,70,70,70
Note-Duration,14,14,173
Position,16,16,209
Tempo-Class,3,3,260
Tempo,150.00,39,301
Position,32,32,225
Tempo-Class,3,3,260
Tempo,173.33,46,308
Position,48,48,241
Tempo-Class,3,3,260
Tempo,166.67,44,306
Position,59,59,252
Note-Velocity,17,17,145
Note-On,77,77,77
Note-Duration,3,3,162
Position,62,62,255
Note-Velocity,26,26,154
Note-On,76,76,76
Note-Duration,2,2,161
Bar,0,0,192
Position,0,0,193
Tempo-Class,3,3,260
Tempo,163.33,43,305
Chord-Tone,C,0,322
Chord-Type,7,None,368
Chord-Slash,C,0,334
Note-Velocity,25,25,153
Note-On,74,74,74
Note-Duration,3,3,162
Position,3,3,196
Note-Velocity,24,24,152
Note-On,72,72,72
Note-Duration,2,2,161
Position,5,5,198
Note-Velocity,28,28,156
Note-On,70,70,70
Note-Duration,7,7,166
Position,12,12,205
Note-Velocity,26,26,154
Note-On,69,69,69
Note-Duration,8,8,167
Position,16,16,209
Tempo-Class,3,3,260
Tempo,150.00,39,301
Position,20,20,213
Note-Velocity,25,25,153
Note-On,67,67,67
Note-Duration,8,8,167
Position,29,29,222
Note-Velocity,22,22,150
Note-On,65,65,65
Note-Duration,6,6,165
Position,32,32,225
Tempo-Class,3,3,260
Tempo,153.33,40,302
Position,35,35,228
Note-Velocity,17,17,145
Note-On,64,64,64
Note-Duration,3,3,162
Position,38,38,231
Note-Velocity,21,21,149
Note-On,67,67,67
Note-Duration,6,6,165
Position,44,44,237
Note-Velocity,17,17,145
Note-On,70,70,70
Note-Duration,3,3,162
Position,47,47,240
Note-Velocity,25,25,153
Note-On,73,73,73
Note-Duration,6,6,165
Position,48,48,241
Tempo-Class,3,3,260
Tempo,160.00,42,304
Position,54,54,247
Note-Velocity,23,23,151
Note-On,75,75,75
Note-Duration,8,8,167
Position,62,62,255
Note-Velocity,23,23,151
Note-On,72,72,72
Note-Duration,13,13,172
Bar,0,0,192
Position,0,0,193
Tempo-Class,3,3,260
Tempo,170.00,45,307
Chord-Tone,F,5,327
Chord-Type,7,None,368
Chord-Slash,F,5,339
Position,12,12,205
Note-Velocity,20,20,148
Note-On,70,70,70
Note-Duration,4,4,163
Position,16,16,209
Tempo-Class,3,3,260
Tempo,150.00,39,301
Note-Velocity,21,21,149
Note-On,72,72,72
Note-Duration,4,4,163
Position,20,20,213
Note-Velocity,17,17,145
Note-On,69,69,69
Note-Duration,21,21,180
Position,32,32,225
Tempo-Class,3,3,260
Tempo,173.33,46,308
Position,48,48,241
Tempo-Class,3,3,260
Tempo,163.33,43,305
Bar,0,0,192
Position,0,0,193
Tempo-Class,3,3,260
Tempo,150.00,39,301
Chord-Tone,F,5,327
Chord-Type,7,None,368
Chord-Slash,F,5,339
Position,12,12,205
Phrase,0,0,393
MLU-Type,line,0,398
MLU-Subtype,w,0,411
Note-Velocity,25,25,153
Note-On,66,66,66
Note-Duration,4,4,163
Position,16,16,209
Tempo-Class,3,3,260
Tempo,146.67,38,300
Note-Velocity,23,23,151
Note-On,67,67,67
Note-Duration,32,32,191
Position,32,32,225
Tempo-Class,3,3,260
Tempo,166.67,44,306
Chord-Tone,C,0,322
Chord-Type,7,None,368
Chord-Slash,C,0,334
Position,48,48,241
Tempo-Class,3,3,260
Tempo,160.00,42,304
Bar,0,0,192
Position,0,0,193
Tempo-Class,3,3,260
Tempo,153.33,40,302
Chord-Tone,F,5,327
Chord-Type,7,None,368
Chord-Slash,F,5,339
Position,16,16,209
Tempo-Class,3,3,260
Tempo,160.00,42,304
Position,30,30,223
Note-Velocity,16,16,144
Note-On,65,65,65
Note-Duration,3,3,162
Position,32,32,225
Tempo-Class,3,3,260
Tempo,170.00,45,307
Position,34,34,227
Note-Velocity,24,24,152
Note-On,70,70,70
Note-Duration,3,3,162
Position,37,37,230
Note-Velocity,22,22,150
Note-On,72,72,72
Note-Duration,3,3,162
Position,41,41,234
Note-Velocity,25,25,153
Note-On,70,70,70
Note-Duration,4,4,163
Position,45,45,238
Note-Velocity,25,25,153
Note-On,69,69,69
Note-Duration,4,4,163
Position,48,48,241
Tempo-Class,3,3,260
Tempo,143.33,37,299
Position,49,49,242
Note-Velocity,23,23,151
Note-On,68,68,68
Note-Duration,30,30,189
Bar,0,0,192
Position,0,0,193
Tempo-Class,3,3,260
Tempo,163.33,43,305
Chord-Tone,F,5,327
Chord-Type,7,None,368
Chord-Slash,F,5,339
Position,16,16,209
Tempo-Class,3,3,260
Tempo,153.33,40,302
Position,17,17,210
Note-Velocity,22,22,150
Note-On,65,65,65
Note-Duration,3,3,162
Position,20,20,213
Note-Velocity,22,22,150
Note-On,67,67,67
Note-Duration,3,3,162
Position,23,23,216
Note-Velocity,23,23,151
Note-On,65,65,65
Note-Duration,4,4,163
Position,28,28,221
Note-Velocity,22,22,150
Note-On,64,64,64
Note-Duration,5,5,164
Position,32,32,225
Tempo-Class,3,3,260
Tempo,163.33,43,305
Position,33,33,226
Note-Velocity,19,19,147
Note-On,63,63,63
Note-Duration,16,16,175
Position,48,48,241
Tempo-Class,3,3,260
Tempo,160.00,42,304
Position,49,49,242
Note-Velocity,18,18,146
Note-On,60,60,60
Note-Duration,10,10,169
Position,59,59,252
Note-Velocity,24,24,152
Note-On,66,66,66
Note-Duration,3,3,162
Position,62,62,255
Note-Velocity,22,22,150
Note-On,67,67,67
Note-Duration,21,21,180
Bar,0,0,192
Position,0,0,193
Tempo-Class,3,3,260
Tempo,160.00,42,304
Chord-Tone,F,5,327
Chord-Type,7,None,368
Chord-Slash,F,5,339
Position,16,16,209
Tempo-Class,3,3,260
Tempo,153.33,40,302
Position,19,19,212
Note-Velocity,20,20,148
Note-On,63,63,63
Note-Duration,11,11,170
Position,31,31,224
Note-Velocity,16,16,144
Note-On,60,60,60
Note-Duration,2,2,161
Position,32,32,225
Tempo-Class,3,3,260
Tempo,146.67,38,300
Position,34,34,227
Note-Velocity,23,23,151
Note-On,65,65,65
Note-Duration,11,11,170
Position,45,45,238
Note-Velocity,20,20,148
Note-On,60,60,60
Note-Duration,18,18,177
Position,48,48,241
Tempo-Class,3,3,260
Tempo,153.33,40,302
Bar,0,0,192
Position,0,0,193
Tempo-Class,3,3,260
Tempo,160.00,42,304
Chord-Tone,C,0,322
Chord-Type,-,None,354
Chord-Slash,C,0,334
Position,16,16,209
Tempo-Class,3,3,260
Tempo,153.33,40,302
Position,32,32,225
Tempo-Class,3,3,260
Tempo,170.00,45,307
Chord-Tone,F,5,327
Chord-Type,7,None,368
Chord-Slash,F,5,339
Position,48,48,241
Tempo-Class,3,3,260
Tempo,166.67,44,306
Bar,0,0,192
Position,0,0,193
Tempo-Class,3,3,260
Tempo,160.00,42,304
Chord-Tone,Bb,10,332
Chord-Type,7,None,368
Chord-Slash,Bb,10,344
Position,16,16,209
Tempo-Class,3,3,260
Tempo,150.00,39,301
Position,28,28,221
Phrase,0,0,393
MLU-Type,lick,0,397
MLU-Subtype,blues,0,404
Backref-Referred,0,0,417
Note-Velocity,22,22,150
Note-On,72,72,72
Note-Duration,6,6,165
Position,32,32,225
Tempo-Class,3,3,260
Tempo,150.00,39,301
Position,34,34,227
Note-Velocity,25,25,153
Note-On,77,77,77
Note-Duration,7,7,166
Position,44,44,237
Note-Velocity,20,20,148
Note-On,72,72,72
Note-Duration,3,3,162
Position,46,46,239
Note-Velocity,24,24,152
Note-On,70,70,70
Note-Duration,3,3,162
Position,48,48,241
Tempo-Class,3,3,260
Tempo,150.00,39,301
Position,49,49,242
Note-Velocity,24,24,152
Note-On,68,68,68
Note-Duration,10,10,169
Position,60,60,253
Note-Velocity,18,18,146
Note-On,65,65,65
Note-Duration,16,16,175
Bar,0,0,192
Position,0,0,193
Tempo-Class,3,3,260
Tempo,156.67,41,303
Chord-Tone,Bb,10,332
Chord-Type,7,None,368
Chord-Slash,Bb,10,344
Position,16,16,209
Tempo-Class,3,3,260
Tempo,170.00,45,307
Position,17,17,210
Phrase,0,0,393
MLU-Type,lick,0,397
MLU-Subtype,blues,0,404
Backref-Distance,1,1,418
Backref-Variation,-,0,426
Note-Velocity,26,26,154
Note-On,77,77,77
Note-Duration,11,11,170
Position,28,28,221
Note-Velocity,18,18,146
Note-On,72,72,72
Note-Duration,4,4,163
Position,32,32,225
Tempo-Class,3,3,260
Tempo,150.00,39,301
Note-Velocity,22,22,150
Note-On,70,70,70
Note-Duration,2,2,161
Position,35,35,228
Note-Velocity,23,23,151
Note-On,68,68,68
Note-Duration,9,9,168
Position,44,44,237
Note-Velocity,14,14,142
Note-On,62,62,62
Note-Duration,18,18,177
Position,48,48,241
Tempo-Class,3,3,260
Tempo,160.00,42,304
Bar,0,0,192
Position,0,0,193
Tempo-Class,3,3,260
Tempo,153.33,40,302
Chord-Tone,F,5,327
Chord-Type,7,None,368
Chord-Slash,F,5,339
Position,16,16,209
Tempo-Class,3,3,260
Tempo,160.00,42,304
Position,29,29,222
Phrase,0,0,393
MLU-Type,line,0,398
MLU-Subtype,w,0,411
Note-Velocity,21,21,149
Note-On,64,64,64
Note-Duration,5,5,164
Position,32,32,225
Tempo-Class,3,3,260
Tempo,160.00,42,304
Position,33,33,226
Note-Velocity,20,20,148
Note-On,65,65,65
Note-Duration,6,6,165
Position,40,40,233
Note-Velocity,16,16,144
Note-On,69,69,69
Note-Duration,3,3,162
Position,44,44,237
Note-Velocity,17,17,145
Note-On,72,72,72
Note-Duration,5,5,164
Position,48,48,241
Tempo-Class,3,3,260
Tempo,156.67,41,303
Position,50,50,243
Note-Velocity,26,26,154
Note-On,76,76,76
Note-Duration,10,10,169
Position,60,60,253
Note-Velocity,25,25,153
Note-On,74,74,74
Note-Duration,21,21,180
Bar,0,0,192
Position,0,0,193
Tempo-Class,3,3,260
Tempo,150.00,39,301
Chord-Tone,D,2,324
Chord-Type,7,None,368
Chord-Slash,D,2,336
Position,16,16,209
Tempo-Class,3,3,260
Tempo,156.67,41,303
Position,18,18,211
Note-Velocity,23,23,151
Note-On,72,72,72
Note-Duration,2,2,161
Position,21,21,214
Note-Velocity,24,24,152
Note-On,74,74,74
Note-Duration,3,3,162
Position,24,24,217
Note-Velocity,25,25,153
Note-On,72,72,72
Note-Duration,3,3,162
Position,27,27,220
Note-Velocity,26,26,154
Note-On,70,70,70
Note-Duration,5,5,164
Position,32,32,225
Tempo-Class,3,3,260
Tempo,160.00,42,304
Note-Velocity,25,25,153
Note-On,69,69,69
Note-Duration,10,10,169
Position,42,42,235
Note-Velocity,24,24,152
Note-On,67,67,67
Note-Duration,8,8,167
Position,48,48,241
Tempo-Class,3,3,260
Tempo,153.33,40,302
Position,50,50,243
Note-Velocity,19,19,147
Note-On,66,66,66
Note-Duration,8,8,167
Position,59,59,252
Note-Velocity,25,25,153
Note-On,69,69,69
Note-Duration,8,8,167
Bar,0,0,192
Position,0,0,193
Tempo-Class,3,3,260
Tempo,163.33,43,305
Chord-Tone,G,7,329
Chord-Type,-,None,354
Chord-Slash,G,7,341
Position,3,3,196
Note-Velocity,23,23,151
Note-On,67,67,67
Note-Duration,8,8,167
Position,12,12,205
Note-Velocity,25,25,153
Note-On,74,74,74
Note-Duration,7,7,166
Position,16,16,209
Tempo-Class,3,3,260
Tempo,160.00,42,304
Position,19,19,212
Note-Velocity,18,18,146
Note-On,70,70,70
Note-Duration,4,4,163
Position,23,23,216
Note-Velocity,17,17,145
Note-On,72,72,72
Note-Duration,2,2,161
Position,25,25,218
Note-Velocity,22,22,150
Note-On,70,70,70
Note-Duration,4,4,163
Position,29,29,222
Note-Velocity,24,24,152
Note-On,67,67,67
Note-Duration,5,5,164
Position,32,32,225
Tempo-Class,3,3,260
Tempo,146.67,38,300
Position,35,35,228
Note-Velocity,21,21,149
Note-On,66,66,66
Note-Duration,8,8,167
Position,44,44,237
Note-Velocity,20,20,148
Note-On,62,62,62
Note-Duration,5,5,164
Position,48,48,241
Tempo-Class,3,3,260
Tempo,163.33,43,305
Position,50,50,243
Note-Velocity,18,18,146
Note-On,58,58,58
Note-Duration,10,10,169
Position,61,61,254
Note-Velocity,18,18,146
Note-On,54,54,54
Note-Duration,5,5,164
Bar,0,0,192
Position,0,0,193
Tempo-Class,3,3,260
Tempo,150.00,39,301
Chord-Tone,C,0,322
Chord-Type,7,None,368
Chord-Slash,C,0,334
Position,2,2,195
Note-Velocity,23,23,151
Note-On,65,65,65
Note-Duration,10,10,169
Position,13,13,206
Note-Velocity,13,13,141
Note-On,63,63,63
Note-Duration,3,3,162
Position,16,16,209
Tempo-Class,3,3,260
Tempo,160.00,42,304
Note-Velocity,19,19,147
Note-On,64,64,64
Note-Duration,11,11,170
Position,27,27,220
Note-Velocity,25,25,153
Note-On,72,72,72
Note-Duration,14,14,173
Position,32,32,225
Tempo-Class,3,3,260
Tempo,160.00,42,304
Position,48,48,241
Tempo-Class,3,3,260
Tempo,160.00,42,304
Position,61,61,254
Phrase,0,0,393
MLU-Type,line,0,398
MLU-Subtype,w,0,411
Note-Velocity,24,24,152
Note-On,70,70,70
Note-Duration,7,7,166
Bar,0,0,192
Position,0,0,193
Tempo-Class,3,3,260
Tempo,146.67,38,300
Chord-Tone,F,5,327
Chord-Type,7,None,368
Chord-Slash,F,5,339
Position,4,4,197
Note-Velocity,18,18,146
Note-On,67,67,67
Note-Duration,3,3,162
Position,8,8,201
Note-Velocity,20,20,148
Note-On,69,69,69
Note-Duration,4,4,163
Position,13,13,206
Note-Velocity,26,26,154
Note-On,72,72,72
Note-Duration,8,8,167
Position,16,16,209
Tempo-Class,3,3,260
Tempo,156.67,41,303
Position,21,21,214
Note-Velocity,25,25,153
Note-On,72,72,72
Note-Duration,12,12,171
Position,32,32,225
Tempo-Class,3,3,260
Tempo,146.67,38,300
Position,34,34,227
Note-Velocity,26,26,154
Note-On,70,70,70
Note-Duration,9,9,168
Position,43,43,236
Note-Velocity,26,26,154
Note-On,69,69,69
Note-Duration,6,6,165
Position,48,48,241
Tempo-Class,3,3,260
Tempo,160.00,42,304
Position,51,51,244
Note-Velocity,22,22,150
Note-On,65,65,65
Note-Duration,10,10,169
Position,61,61,254
Note-Velocity,18,18,146
Note-On,60,60,60
Note-Duration,5,5,164
Bar,0,0,192
Position,0,0,193
Tempo-Class,3,3,260
Tempo,156.67,41,303
Chord-Tone,C,0,322
Chord-Type,7,None,368
Chord-Slash,C,0,334
Position,2,2,195
Note-Velocity,22,22,150
Note-On,67,67,67
Note-Duration,5,5,164
Position,7,7,200
Note-Velocity,19,19,147
Note-On,69,69,69
Note-Duration,18,18,177
Position,16,16,209
Tempo-Class,3,3,260
Tempo,150.00,39,301
Position,27,27,220
Note-Velocity,17,17,145
Note-On,65,65,65
Note-Duration,7,7,166
Position,32,32,225
Tempo-Class,3,3,260
Tempo,153.33,40,302
Position,34,34,227
Note-Velocity,18,18,146
Note-On,67,67,67
Note-Duration,8,8,167
Position,43,43,236
Note-Velocity,20,20,148
Note-On,65,65,65
Note-Duration,7,7,166
Position,48,48,241
Tempo-Class,3,3,260
Tempo,166.67,44,306
Position,51,51,244
Note-Velocity,17,17,145
Note-On,62,62,62
Note-Duration,8,8,167
Position,60,60,253
Note-Velocity,18,18,146
Note-On,60,60,60
Note-Duration,19,19,178
Bar,0,0,192
Position,0,0,193
Tempo-Class,3,3,260
Tempo,150.00,39,301
Chord-Tone,F,5,327
Chord-Type,7,None,368
Chord-Slash,F,5,339
Position,16,16,209
Tempo-Class,3,3,260
Tempo,150.00,39,301
Rep-End,1,1,445
Part-End,A,A,434
